{"test": [[[0.9999012298857831, -0.010713066969032162, 0.00909728910255192, 0.040636976047189535], [0.01073296745014985, 0.9999401068579244, -0.002141519711990477, 0.0834813866491493], [-0.009073801993233141, 0.002238949101666219, 0.9999563256584298, 1.1024001427492973], [0.0, 0.0, 0.0, 1.0]], [[0.9999082830812093, 0.008876385232719875, 0.010229135388122338, 0.0826989321170976], [-0.00884451226633063, 0.9999559032029982, -0.0031569371622846036, 1.0857242466321753], [-0.010256706506423552, 0.003066175904321058, 0.9999426976267014, 1.1646839663445077], [0.0, 0.0, 0.0, 1.0]], [[0.9990249683067618, 0.04406471291963264, 0.0027228248169715915, 0.021574850440610603], [-0.04407017727083887, 0.9990264746031489, 0.0019805346047722418, 1.064261791224407], [-0.0026329023890744067, -0.0020985988931244114, 0.9999943318377836, 0.6212609927825359], [0.0, 0.0, 0.0, 1.0]], [[0.9999324900884605, -0.008378979771912463, 0.008050339338981746, 0.04014232938970486], [0.008400280145870988, 0.999961295856875, -0.0026157373167287044, 0.03480103000240315], [-0.008028110547430259, 0.0026831858342506137, 0.9999641743356694, 0.45993271903754857], [0.0, 0.0, 0.0, 1.0]]], "rosana": [[[0.998541287189863, 0.053933907660028174, -0.0025360169027360165, 0.16332840211820432], [-0.05393529039835315, 0.998544317519904, -0.0004799982858768423, 0.014084631423105889], [0.002506437084134023, 0.0006160789143325892, 0.9999966691044099, 1.1115909689184824], [0.0, 0.0, 0.0, 1.0]], [[0.9932570304380111, -0.1159253417952156, 0.001336643230802514, 0.325853493743631], [0.11593234938314192, 0.9931450231042517, -0.014921576651292437, 0.910581703262328], [0.00040230830108707984, 0.014975921104149895, 0.999887773670182, 1.1741033730633612], [0.0, 0.0, 0.0, 1.0]], [[0.9975204457987783, 0.07028849912704378, -0.0035337096477139982, 1.977821620817446], [-0.07029494731400361, 0.9975247420013625, -0.0017347844928700294, 0.6823660674427308], [0.0034030274063309275, 0.001978884934201561, 0.9999922516794263, 1.2312303649014342], [0.0, 0.0, 0.0, 1.0]]], "shelf": [[[0.9985841693068764, 0.052757586683279005, 0.006803958924906379, 0.01634771427662655], [-0.052765476710498964, 0.9986064458787827, 0.0009852496433152217, 0.7549409978685134], [-0.00674249784644411, -0.001342868832821166, 0.9999763674337951, 1.2884945583984724], [0.0, 0.0, 0.0, 1.0]], [[0.9994068366442652, -0.0337117629910814, 0.0070350483108740725, 2.612920798752222], [0.03373081535920427, 0.9994275531203923, -0.0026073279404059675, 0.6422496476197285], [-0.006943123497853633, 0.00284307928463251, 0.999971854572055, 1.2757149298348214], [0.0, 0.0, 0.0, 1.0]], [[-0.22810840923849984, -0.9720705865370811, 0.05518449441769254, 2.6517791213878303], [0.9733065084092722, -0.22913854979230375, -0.013037088909391325, 0.7428101279969794], [0.025317865684779638, 0.050737557967793154, 0.9983910585980987, 1.1914254881171942], [0.0, 0.0, 0.0, 1.0]], [[-0.9975359199118696, -0.0069786181169774735, 0.06980965101443734, 2.558215676461222], [0.007843965662205398, -0.9998956697846888, 0.01212937543812258, 0.68559754887984], [0.06971772147933608, 0.012647072191071832, 0.9974865868154437, 1.4328014558226034], [0.0, 0.0, 0.0, 1.0]], [[-0.9978052104820954, -0.012755232818403186, 0.06497742662286823, 2.486674762768276], [0.012524302271756134, -0.9999137259354922, -0.003960118484018609, 1.5744636802180914], [0.06502233298942434, -0.0031376299256145675, 0.9978788761623638, 1.5416025506220588], [0.0, 0.0, 0.0, 1.0]], [[-0.9817737351298738, 0.173498433563301, 0.07757980768355112, 2.415063426841638], [-0.17289656970763476, -0.9848338336779013, 0.014460159979064536, 1.5197509523762927], [0.07891203452242841, 0.0007833226461577136, 0.9968812753849694, 0.5128203455133395], [0.0, 0.0, 0.0, 1.0]], [[-0.986026325108495, 0.14961426767188107, 0.07326429622976964, 2.462852346476301], [-0.14926450705379496, -0.9887441001122856, 0.010257262165617374, 2.370209132808729], [0.07397427341329084, -0.0008218285425416723, 0.9972598114186805, 1.1157674415881942], [0.0, 0.0, 0.0, 1.0]]]}