{"test": [[[0.9999012298857831, -0.010713066969032162, 0.00909728910255192, 0.040636976047189535], [0.01073296745014985, 0.9999401068579244, -0.002141519711990477, 0.0834813866491493], [-0.009073801993233141, 0.002238949101666219, 0.9999563256584298, 1.1024001427492973], [0.0, 0.0, 0.0, 1.0]], [[0.9999082830812093, 0.008876385232719875, 0.010229135388122338, 0.0826989321170976], [-0.00884451226633063, 0.9999559032029982, -0.0031569371622846036, 1.0857242466321753], [-0.010256706506423552, 0.003066175904321058, 0.9999426976267014, 1.1646839663445077], [0.0, 0.0, 0.0, 1.0]], [[0.9990249683067618, 0.04406471291963264, 0.0027228248169715915, 0.021574850440610603], [-0.04407017727083887, 0.9990264746031489, 0.0019805346047722418, 1.064261791224407], [-0.0026329023890744067, -0.0020985988931244114, 0.9999943318377836, 0.6212609927825359], [0.0, 0.0, 0.0, 1.0]], [[0.9999324900884605, -0.008378979771912463, 0.008050339338981746, 0.04014232938970486], [0.008400280145870988, 0.999961295856875, -0.0026157373167287044, 0.03480103000240315], [-0.008028110547430259, 0.0026831858342506137, 0.9999641743356694, 0.45993271903754857], [0.0, 0.0, 0.0, 1.0]]], "rosana": [[[0.998541287189863, 0.053933907660028174, -0.0025360169027360165, 0.16332840211820432], [-0.05393529039835315, 0.998544317519904, -0.0004799982858768423, 0.014084631423105889], [0.002506437084134023, 0.0006160789143325892, 0.9999966691044099, 1.1115909689184824], [0.0, 0.0, 0.0, 1.0]], [[0.9932570304380111, -0.1159253417952156, 0.001336643230802514, 0.325853493743631], [0.11593234938314192, 0.9931450231042517, -0.014921576651292437, 0.910581703262328], [0.00040230830108707984, 0.014975921104149895, 0.999887773670182, 1.1741033730633612], [0.0, 0.0, 0.0, 1.0]], [[0.9975204457987783, 0.07028849912704378, -0.0035337096477139982, 1.977821620817446], [-0.07029494731400361, 0.9975247420013625, -0.0017347844928700294, 0.6823660674427308], [0.0034030274063309275, 0.001978884934201561, 0.9999922516794263, 1.2312303649014342], [0.0, 0.0, 0.0, 1.0]]], "q1": [[[0.9960302142942568, 0.08891208417622448, 0.004295753761197453, 1.4423364163507246], [-0.0886047001910776, 0.9949077611598666, -0.04803908708448962, -0.8500580915546436], [-0.008545134111652152, 0.047467758229159066, 0.9988362191128793, -1.383549004943317], [0.0, 0.0, 0.0, 1.0]]], "shelf": [[[0.9985082787408516, 0.049011504273889395, 0.024064283384145634, -0.21743857862403182], [-0.04922667308864266, 0.998752042621336, 0.008431608170035595, -0.18189706245532797], [-0.023621006384272666, -0.009603635172143335, 0.9996748562652131, 1.5332500306206411], [0.0, 0.0, 0.0, 1.0]], [[0.7829232866445897, 0.6218587117247141, 0.017968580403378027, -0.27958960466217564], [-0.6218914854460709, 0.7830911683152371, -0.004382058461107958, 3.752414689789812], [-0.016796057850374548, -0.007743691545774547, 0.9998289492117793, 1.7617967352421187], [0.0, 0.0, 0.0, 1.0]], [[0.12215536936689986, 0.9916894446364288, 0.04037463475410852, 1.0735580023806501], [-0.9925026118733078, 0.12188607834603526, 0.009074653166180828, 4.21276712343521], [0.004078131863806251, -0.04118044805627485, 0.9991434028898885, 1.1331819024533136], [0.0, 0.0, 0.0, 1.0]]]}