{"test": [[[0.9998588680370433, 0.016398285801617687, -0.0036524280213013423, 0.06373297463526703], [-0.016407605670537215, 0.9998621687932551, -0.002536511819091266, -0.031258744506065334], [0.003610330156990978, 0.0025960814349127084, 0.9999901128897929, 0.9754886357234985], [0.0, 0.0, 0.0, 1.0]], [[0.99956742809855, -0.029211709117509886, -0.003410679534066605, 0.1413338390908635], [0.029204465491397193, 0.9995711363790867, -0.0021546492018767395, 0.9908192272458395], [0.003472157803427348, 0.002054110088419663, 0.9999918623428556, 0.991063927849656], [0.0, 0.0, 0.0, 1.0]], [[0.9988341079119417, 0.04824888542726425, -0.001571600070692432, 0.041423984420764955], [-0.0482504565199643, 0.998834790044278, -0.0009775698533075886, -0.005969747274105035], [0.0015226021707942623, 0.0010522605332278113, 0.9999982872137331, 0.9586559658420102], [0.0, 0.0, 0.0, 1.0]]], "rosana": [[[0.998541287189863, 0.053933907660028174, -0.0025360169027360165, 0.16332840211820432], [-0.05393529039835315, 0.998544317519904, -0.0004799982858768423, 0.014084631423105889], [0.002506437084134023, 0.0006160789143325892, 0.9999966691044099, 1.1115909689184824], [0.0, 0.0, 0.0, 1.0]], [[0.9932570304380111, -0.1159253417952156, 0.001336643230802514, 0.325853493743631], [0.11593234938314192, 0.9931450231042517, -0.014921576651292437, 0.910581703262328], [0.00040230830108707984, 0.014975921104149895, 0.999887773670182, 1.1741033730633612], [0.0, 0.0, 0.0, 1.0]], [[0.9975204457987783, 0.07028849912704378, -0.0035337096477139982, 1.977821620817446], [-0.07029494731400361, 0.9975247420013625, -0.0017347844928700294, 0.6823660674427308], [0.0034030274063309275, 0.001978884934201561, 0.9999922516794263, 1.2312303649014342], [0.0, 0.0, 0.0, 1.0]]]}