{"default": {"pose_correction_matrix": [[0.996601648318924, 0.08159971860406778, 0.011253465765740586, -0.009332120230893817], [-0.08135818188726877, 0.9964747013369546, -0.020469876292367118, 0.061123317855615054], [-0.01288413008323923, 0.019484750939226258, 0.9997271346086563, 0.2459220427615158], [0.0, 0.0, 0.0, 1.0]], "slam_poses": [[[0.9966016483189241, -0.0813581818872688, -0.012884130083239234, 0.017441780005344923], [0.0815997186040678, 0.9964747013369548, 0.01948475093922626, -0.0649380712737514], [0.011253465765740588, -0.02046987629236712, 0.9997271346086564, -0.24449873369645408], [0.0, 0.0, 0.0, 1.0]], [[0.9869327738052985, -0.16085828375521727, -0.009397474996263887, 0.06673627409185187], [0.16111566554139867, 0.985993985496483, 0.04309991742351209, -0.32698159758726186], [0.0023328750784320377, -0.044050801491997804, 0.9990265685064542, -0.22490628063624124], [0.0, 0.0, 0.0, 1.0]]], "final_poses": [[[1.0, 0.0, 0.0, 0.0], [0.0, 1.0, 0.0, 0.0], [0.0, 0.0, 1.0, 0.0], [0.0, 0.0, 0.0, 1.0]], [[1.0, 0.0, 0.0, 0.0], [0.0, 1.0, 0.0, -1.0], [0.0, 0.0, 1.0, 0.0], [0.0, 0.0, 0.0, 1.0]]], "scale_factor_matrix": [[1.0, 1.0, 1.0, 3.7402948684991806], [1.0, 1.0, 1.0, 3.7402948684991806], [1.0, 1.0, 1.0, 3.7402948684991806], [1.0, 1.0, 1.0, 1.0]]}, "slam_poses": [], "final_poses": []}