{"default": {"pose_correction_matrix": [[0.6351334940500337, -1.647865508918896, -0.3423144276026242, -0.10593366677487301], [1.662839093789282, 0.557868081598908, 0.39972967089376943, -0.07232352322696647], [-0.2600116362693846, -0.4575553804101431, 1.7201951868773184, 0.2924960819787172], [0.0, 0.0, 0.0, 1.0]], "slam_poses": [[[0.35306807306959787, 0.9243653502278197, -0.14453938936193622, 0.14653235955876864], [-0.9160415965498017, 0.31011655099651114, -0.2543531367774313, -0.0002136277153710342], [-0.19029116944674934, 0.222208064876657, 0.9562493643053365, -0.2837865636469966], [0.0, 0.0, 0.0, 1.0]], [[0.34604677535185224, 0.9270141384983563, -0.1445559279058975, 0.6661554813086918], [-0.9186621684257219, 0.30349494893564277, -0.2528846303631407, 0.15774834449355168], [-0.1905556337974173, 0.22030797306203406, 0.9566362670489565, -0.1652116004157138], [0.0, 0.0, 0.0, 1.0]]], "final_poses": [[[1.0, 0.0, 0.0, 0.0], [0.0, 1.0, 0.0, 0.0], [0.0, 0.0, 1.0, 0.0], [0.0, 0.0, 0.0, 1.0]], [[1.0, 0.0, 0.0, 0.0], [0.0, 1.0, 0.0, 1.0], [0.0, 0.0, 1.0, 0.0], [0.0, 0.0, 0.0, 1.0]]]}, "slam_poses": [], "final_poses": []}