{"default": {"pose_correction_matrix": [[0.9999738498007705, 0.0072282348979209755, 0.0002287681944175292, 0.002358780185620682], [-0.007227514761097555, 0.9999693629156613, -0.0030060373292694572, 0.17331635957161592], [-0.00025048952955494146, 0.003004305295292382, 0.9999954556920186, -0.0013983580475106494], [0.0, 0.0, 0.0, 1.0]], "slam_poses": [[[0.9999738498007703, -0.007227514761097553, -0.0002504895295549414, -0.0011064222299548138], [0.007228234897920973, 0.9999693629156611, 0.0030043052952923826, -0.17332389838645781], [0.00022876819441752918, -0.0030060373292694572, 0.9999954556920188, 0.0019188075257022866], [0.0, 0.0, 0.0, 1.0]], [[0.9997708653370844, -0.02140536465498864, -0.00016488518577486178, 0.0007956627172357894], [0.02140517621928047, 0.9997703098939621, -0.0010704604395503268, 0.00022232937601089696], [0.0001877609093363712, 0.0010666857635008862, 0.9999994134634894, 8.740329006543267e-05], [0.0, 0.0, 0.0, 1.0]]], "final_poses": [[[1.0, 0.0, 0.0, 0.0], [0.0, 1.0, 0.0, 0.0], [0.0, 0.0, 1.0, 0.0], [0.0, 0.0, 0.0, 1.0]], [[1.0, 0.0, 0.0, 0.0], [0.0, 1.0, 0.0, 1.0], [0.0, 0.0, 1.0, 0.0], [0.0, 0.0, 0.0, 1.0]]], "scale_factor_matrix": [[1.0, 1.0, 1.0, 5.7614866649223675], [1.0, 1.0, 1.0, 5.7614866649223675], [1.0, 1.0, 1.0, 5.7614866649223675], [1.0, 1.0, 1.0, 1.0]]}, "slam_poses": [], "final_poses": []}