{"default": {"pose_correction_matrix": [[0.9946324123179724, 0.10343793066262283, 0.002637966407141862, -0.024457918865875332], [-0.10332184915530185, 0.9942414080903222, -0.028436208004985867, 0.4734908680699583], [-0.005564157947059341, 0.02801101459797927, 0.9995921284241549, 0.009604498761889816], [0.0, 0.0, 0.0, 1.0]], "slam_poses": [[[0.9946324123179724, -0.10332184915530185, -0.005564157947059339, 0.07330203183709348], [0.1034379306626228, 0.994241408090322, 0.02801101459797926, -0.4685033826270093], [0.002637966407141862, -0.02843620800498586, 0.9995921284241548, 0.003928222621410833], [0.0, 0.0, 0.0, 1.0]], [[0.9938037975388215, -0.11097218877589697, -0.006259817545568556, 0.05537542070640636], [0.11110331906578368, 0.9934296795765538, 0.027450395789354053, -0.22418765993599843], [0.003172458034992575, -0.027975794085462625, 0.9996035666479507, -0.002503929431652197], [0.0, 0.0, 0.0, 1.0]]], "final_poses": [[[1.0, 0.0, 0.0, 0.0], [0.0, 1.0, 0.0, 0.0], [0.0, 0.0, 1.0, 0.0], [0.0, 0.0, 0.0, 1.0]], [[1.0, 0.0, 0.0, 0.0], [0.0, 1.0, 0.0, 1.0], [0.0, 0.0, 1.0, 0.0], [0.0, 0.0, 0.0, 1.0]]], "scale_factor_matrix": [[1.0, 1.0, 1.0, 4.080684116564015], [1.0, 1.0, 1.0, 4.080684116564015], [1.0, 1.0, 1.0, 4.080684116564015], [1.0, 1.0, 1.0, 1.0]]}, "slam_poses": [], "final_poses": []}