{"default": {"pose_correction_matrix": [[0.9183504897807787, 0.04595851932954233, -0.002157246470596329, -0.49690096736964834], [-0.045961313421124604, 0.9183521587437442, -0.0011539025977300415, 0.2515488900241561], [0.002096873840737145, 0.0012602871244207453, 0.9194990353928354, 0.019440960630966453], [0.0, 0.0, 0.0, 1.0]], "slam_poses": [[[0.9987473655921612, -0.04998499070813542, 0.0022804443921135846, 0.5088078670214837], [0.049981952008164035, 0.9987491806642753, 0.0013706187990441523, -0.22642481365086597], [-0.002346102336108502, -0.0012549208526125308, 0.9999964604824769, -0.020290998392163292], [0.0, 0.0, 0.0, 1.0]], [[0.9944356467910704, -0.1052858662806491, 0.0035539770340564706, 0.49008587518252245], [0.10528773123034278, 0.9944417414724481, -0.00034127644458175607, 0.4801926609779244], [-0.003498291524791233, 0.000713567640662764, 0.9999936263685033, -0.027689129387220318], [0.0, 0.0, 0.0, 1.0]]], "final_poses": [[[1.0, 0.0, 0.0, 0.0], [0.0, 1.0, 0.0, 0.0], [0.0, 0.0, 1.0, 0.0], [0.0, 0.0, 0.0, 1.0]], [[1.0, 0.0, 0.0, 0.0], [0.0, 1.0, 0.0, 0.65], [0.0, 0.0, 1.0, 0.0], [0.0, 0.0, 0.0, 1.0]]]}, "slam_poses": [], "final_poses": []}