{"default": {"pose_correction_matrix": [[0.9981323411081687, -0.06083841882064671, 0.005524167749980912, -0.030045971473776266], [0.06083180698274889, 0.9981471079117619, 0.0013572864838576801, -0.011464230018334891], [-0.00559650722682741, -0.0010187064293801758, 0.999983820541148, 0.06307298112834604], [0.0, 0.0, 0.0, 1.0]], "slam_poses": [[[0.9981323411081686, 0.060831806982748884, -0.005596507226827408, 0.031040234070373075], [-0.060838418820646695, 0.9981471079117618, -0.0010187064293801758, 0.009679291492236994], [0.005524167749980912, 0.0013572864838576801, 0.9999838205411479, -0.0628904214105592], [0.0, 0.0, 0.0, 1.0]], [[0.9954495672913334, 0.09465341482160948, -0.010995000777869664, 0.035429817848471545], [-0.09474538295094574, 0.9954680327001212, -0.008167513797295417, 0.24833695126652547], [0.010172088722365595, 0.009172073634608926, 0.9999061964385787, -0.06615146903341776], [0.0, 0.0, 0.0, 1.0]]], "final_poses": [[[1.0, 0.0, 0.0, 0.0], [0.0, 1.0, 0.0, 0.0], [0.0, 0.0, 1.0, 0.0], [0.0, 0.0, 0.0, 1.0]], [[1.0, 0.0, 0.0, 0.0], [0.0, 1.0, 0.0, 1.0], [0.0, 0.0, 1.0, 0.0], [0.0, 0.0, 0.0, 1.0]]], "scale_factor_matrix": [[1.0, 1.0, 1.0, 4.1890027853946314], [1.0, 1.0, 1.0, 4.1890027853946314], [1.0, 1.0, 1.0, 4.1890027853946314], [1.0, 1.0, 1.0, 1.0]]}, "slam_poses": [], "final_poses": []}