{"default": {"pose_correction_matrix": [[0.9628107852148131, 0.2701765838385475, -7.361635202568796e-05, -0.051894561611204364], [-0.2701728710131396, 0.9627989129682061, 0.0049872793944462585, 0.29626502987826653], [0.0014183238531468869, -0.004781917248672166, 0.9999875607350694, 0.08602394011616092], [0.0, 0.0, 0.0, 1.0]], "slam_poses": [[[0.9628107852148131, -0.2701728710131396, 0.001418323853146887, 0.1298854075100586], [0.2701765838385475, 0.9627989129682061, -0.004781917248672166, -0.2708115939783337], [-7.361635202568755e-05, 0.004987279394446259, 0.9999875607350696, -0.08750424680870215], [0.0, 0.0, 0.0, 1.0]], [[0.9676459649166113, -0.2523118818649163, 2.916136024356614e-05, 0.0985068643809844], [0.2523102222141214, 0.9676391676181897, -0.0037407295328050812, -0.154341325440863], [0.0009156128336170206, 0.0036270595475463574, 0.9999930030216099, -0.08890661459234582], [0.0, 0.0, 0.0, 1.0]]], "final_poses": [[[1.0, 0.0, 0.0, 0.0], [0.0, 1.0, 0.0, 0.0], [0.0, 0.0, 1.0, 0.0], [0.0, 0.0, 0.0, 1.0]], [[1.0, 0.0, 0.0, 0.0], [0.0, 1.0, 0.0, 1.0], [0.0, 0.0, 1.0, 0.0], [0.0, 0.0, 0.0, 1.0]]], "scale_factor_matrix": [[1.0, 1.0, 1.0, 8.289724616135846], [1.0, 1.0, 1.0, 8.289724616135846], [1.0, 1.0, 1.0, 8.289724616135846], [1.0, 1.0, 1.0, 1.0]]}, "slam_poses": [], "final_poses": []}