{"default": {"pose_correction_matrix": [[0.9965243443058528, 0.08319097035116695, 0.0043004253070321906, -0.02427636933965191], [-0.08317457186239603, 0.9965275116134077, -0.0038612424291517736, 1.197544314012479], [-0.004606712634538347, 0.003490136046177794, 0.9999832984350698, 0.34983259859128024], [0.0, 0.0, 0.0, 1.0]], "slam_poses": [[[0.9965243443058528, -0.08317457186239605, -0.004606712634538347, 0.12540880689446188], [0.08319097035116693, 0.9965275116134077, 0.003490136046177794, -1.1925872439301437], [0.0043004253070321906, -0.003861242429151773, 0.9999832984350698, -0.3450983482102946], [0.0, 0.0, 0.0, 1.0]], [[0.9971016084344207, -0.07599785630313845, -0.0035648695373875295, 0.10333163624484629], [0.07601557823231418, 0.9970934268245812, 0.005131281440384675, -0.7943923190817982], [0.003164541593658975, -0.0053873945967445255, 0.9999804806374778, -0.3474079777526662], [0.0, 0.0, 0.0, 1.0]]], "final_poses": [[[1.0, 0.0, 0.0, 0.0], [0.0, 1.0, 0.0, 0.0], [0.0, 0.0, 1.0, 0.0], [0.0, 0.0, 0.0, 1.0]], [[1.0, 0.0, 0.0, 0.0], [0.0, 1.0, 0.0, 1.0], [0.0, 0.0, 1.0, 0.0], [0.0, 0.0, 0.0, 1.0]]], "scale_factor_matrix": [[1.0, 1.0, 1.0, 2.507439844896295], [1.0, 1.0, 1.0, 2.507439844896295], [1.0, 1.0, 1.0, 2.507439844896295], [1.0, 1.0, 1.0, 1.0]]}, "slam_poses": [], "final_poses": []}