{"default": {"final_coords": [[0, 0, 0], [10, 0, 0], [10, 0, 10]], "orb_coords": [[0.010136426503894111, -0.0031409831634809093, -0.006364180982162682], [0.009077865319714235, -0.0025149897683112276, -0.005184442563035406], [0.010877710054500856, -0.002636505013703416, -0.004470219117349633]], "tf_matrix": [[1874.1447108214481, 21235.5387393712, -1109.9156627223529, 40.63963537640597], [0.0, 0.0, 0.0, 0.0], [2171.781979839007, -9389.305156756673, 6930.864490935152, -7.396481852120795]]}, "test_map": {"final_coords": [[0, 0, 0], [-0.9, 0, 0], [-0.8, 0, 0.4]], "orb_coords": [[0.4624083476840262, 0.19308311407840867, -0.1345624157740267], [-1.8745393360550093, 0.508405902338548, -0.11692943071285733], [-2.2626568793174764, -0.18301909407211936, 1.7169923395484477]], "tf_matrix": [[0.3734852517837683, -0.09174663930815165, 0.09897928120831821, -0.1416690801468704], [0.0, 0.0, 0.0, 0.0], [-0.008720679400646934, -0.07514095279922078, 0.18793659789906803, 0.04383016673927802]]}}
