{"default": {"pose_correction_matrix": [[0.9984989283586653, -0.05212028208138073, 0.01683348633987236, 0.03025619094223042], [0.05216387412370127, 0.9986362008559951, -0.0021606888510674062, -0.016352850768871854], [-0.016697913133203696, 0.003035545364803467, 0.9998559722086647, 0.1638738252584577], [0.0, 0.0, 0.0, 1.0]], "slam_poses": [[[0.9984989283586652, 0.052163874123701263, -0.0166979131332037, -0.026621395283989588], [-0.05212028208138073, 0.9986362008559952, 0.0030355453648034676, 0.01741006354093247], [0.01683348633987236, -0.0021606888510674067, 0.9998559722086648, -0.16439487347261017], [0.0, 0.0, 0.0, 1.0]], [[0.9994627502568517, -0.027749596144570187, -0.01744049204648477, -0.018122648343059433], [0.027826441436554352, 0.999604034255396, 0.004178978022823773, -0.19710015948454382], [0.017317621256634927, -0.0046620396985105885, 0.9998391697567471, -0.16341385020984073], [0.0, 0.0, 0.0, 1.0]]], "final_poses": [[[1.0, 0.0, 0.0, 0.0], [0.0, 1.0, 0.0, 0.0], [0.0, 0.0, 1.0, 0.0], [0.0, 0.0, 0.0, 1.0]], [[1.0, 0.0, 0.0, 0.0], [0.0, 1.0, 0.0, -1.0], [0.0, 0.0, 1.0, 0.0], [0.0, 0.0, 0.0, 1.0]]], "scale_factor_matrix": [[1.0, 1.0, 1.0, 4.658079372389513], [1.0, 1.0, 1.0, 4.658079372389513], [1.0, 1.0, 1.0, 4.658079372389513], [1.0, 1.0, 1.0, 1.0]]}, "slam_poses": [], "final_poses": []}